{"train/loss": 1.5971, "train/grad_norm": 21.966011503205035, "train/learning_rate": 5e-06, "train/epoch": 0.03, "train/global_step": 1, "_timestamp": 1714704869.5415576, "_runtime": 158.67719149589539, "_step": 0, "_wandb": {"runtime": 160}}